{
    "tone_clusters": 3,
    "tone_means": [
        [
            136.38095092959463,
            137.95842730874733,
            127.88210911307529
        ],
        [
            140.91617078354082,
            140.0292628445037,
            129.25811232382256
        ],
        [
            144.92638888888888,
            140.42758487654322,
            130.18016975308643
        ]
    ],
    "assigned_groups": [
        1,
        0,
        1,
        2,
        1
    ],
    "fairness_scaling_factors": [
        0.7096417588863291,
        0.7332402258903725,
        0.7096417588863291,
        0.6900054577821698,
        0.7096417588863291
    ],
    "comment": "Fair normalization applied per skin tone group."
}