{
    "tone_clusters": 3,
    "tone_means": [
        [
            224.21400807617502,
            128.62788857049878,
            128.56158903429534
        ],
        [
            199.45571914049307,
            129.32145917764268,
            129.2411305302263
        ],
        [
            232.7125681031931,
            128.38108592796092,
            128.4191474035224
        ]
    ],
    "assigned_groups": [
        1,
        2,
        2,
        0,
        2,
        2,
        1,
        0,
        0,
        1,
        0,
        0,
        0,
        2,
        2
    ],
    "fairness_scaling_factors": [
        0.5013644127606959,
        0.42971464921457,
        0.42971464921457,
        0.4460024617196232,
        0.42971464921457,
        0.42971464921457,
        0.5013644127606959,
        0.4460024617196232,
        0.4460024617196232,
        0.5013644127606959,
        0.4460024617196232,
        0.4460024617196232,
        0.4460024617196232,
        0.42971464921457,
        0.42971464921457
    ],
    "comment": "Fair normalization applied per skin tone group."
}