{
    "tone_clusters": 3,
    "tone_means": [
        [
            208.1369163836075,
            128.889319209115,
            128.06962342130515
        ],
        [
            224.56201477540517,
            128.9151643077101,
            128.19780537524036
        ],
        [
            213.19985235468283,
            128.2551063769849,
            128.15014766909988
        ]
    ],
    "assigned_groups": [
        0,
        0,
        2,
        2,
        1
    ],
    "fairness_scaling_factors": [
        0.4804529694061656,
        0.4804529694061656,
        0.46904347459206897,
        0.46904347459206897,
        0.4453112858588454
    ],
    "comment": "Fair normalization applied per skin tone group."
}