{
    "tone_clusters": 3,
    "tone_means": [
        [
            235.2400974025974,
            128.3594155844156,
            128.03376623376624
        ],
        [
            229.02045454545456,
            128.51396103896104,
            128.58170995670994
        ],
        [
            220.45651223776224,
            128.6540646853147,
            128.89182692307693
        ]
    ],
    "assigned_groups": [
        2,
        2,
        0,
        0,
        1,
        1,
        1,
        1,
        1,
        1
    ],
    "fairness_scaling_factors": [
        0.45360419853937384,
        0.45360419853937384,
        0.4250975946662665,
        0.4250975946662665,
        0.4366422194114998,
        0.4366422194114998,
        0.4366422194114998,
        0.4366422194114998,
        0.4366422194114998,
        0.4366422194114998
    ],
    "comment": "Fair normalization applied per skin tone group."
}