{
    "tone_clusters": 3,
    "tone_means": [
        [
            236.15754166666667,
            128.17716666666666,
            128.31475
        ],
        [
            221.10036231884058,
            128.58460144927537,
            128.9516304347826
        ],
        [
            232.219875,
            128.311125,
            128.491
        ]
    ],
    "assigned_groups": [
        1,
        0,
        0,
        2,
        0
    ],
    "fairness_scaling_factors": [
        0.45228329116670757,
        0.4234461405331809,
        0.4234461405331809,
        0.43062636033790663,
        0.4234461405331809
    ],
    "comment": "Fair normalization applied per skin tone group."
}