{
    "mean_R": 154.4054023948761,
    "mean_G": 126.6896686159844,
    "mean_B": 132.46247899159664,
    "ratio_RB": 1.1480127312656787,
    "lab_L": 140.76585909217488,
    "lab_a": 139.94302521008404,
    "lab_b": 128.42672268907563,
    "fft_mean": 1213.1705482169468,
    "fft_std": 23126.044914703576
}