{
    "mean_R": 232.49875,
    "mean_G": 232.498625,
    "mean_B": 231.986125,
    "ratio_RB": 1.002209718351864,
    "lab_L": 234.749875,
    "lab_a": 128.230875,
    "lab_b": 128.371625,
    "fft_mean": 771.3113186414666,
    "fft_std": 20976.025237297097
}