{
    "mean_R": 208.56631346578365,
    "mean_G": 207.86896438633892,
    "mean_B": 208.14579389096764,
    "ratio_RB": 1.0000267375298069,
    "lab_L": 212.03169302783203,
    "lab_a": 128.45735806502913,
    "lab_b": 128.1071081677704,
    "fft_mean": 2050.9730320515555,
    "fft_std": 54975.428780699796
}