{
    "mean_R": 224.67374405383455,
    "mean_G": 224.35816219979117,
    "mean_B": 224.0322543218471,
    "ratio_RB": 1.0031412785765146,
    "lab_L": 227.4090381714816,
    "lab_a": 128.48993044742033,
    "lab_b": 128.4364683899097,
    "fft_mean": 945.0311044827029,
    "fft_std": 29864.14747170192
}