{
    "mean_R": 226.77191558441558,
    "mean_G": 226.50876623376624,
    "mean_B": 225.8266233766234,
    "ratio_RB": 1.0041859156793473,
    "lab_L": 229.29675324675324,
    "lab_a": 128.60146103896105,
    "lab_b": 128.62321428571428,
    "fft_mean": 767.4093856199898,
    "fft_std": 18021.780017603218
}