{
    "mean_R": 161.63225526262008,
    "mean_G": 125.57185009196812,
    "mean_B": 112.96940782750869,
    "ratio_RB": 1.431,
    "lab_a": 140.88300889025138,
    "lab_b": 140.9607219497241,
    "fft_texture": 1919.43
}