{
    "mean_R": 168.42549711887153,
    "mean_G": 126.0631034775873,
    "mean_B": 111.03679439888992,
    "ratio_RB": 1.517,
    "lab_L": 143.41093284390664,
    "lab_a": 143.31693131384964,
    "lab_b": 143.36970750530074,
    "lab_ratio_La": 1.001,
    "skew_R": 42.53718410130066,
    "skew_G": 48.41764899753802,
    "skew_B": 59.470096909746076,
    "fft_energy": 4409.2,
    "fft_contrast": 132311.85
}